movieId,title,genres
1,Toy Story (1995),Adventure
1,Toy Story (1995),Animation
1,Toy Story (1995),Children
1,Toy Story (1995),Comedy
1,Toy Story (1995),Fantasy
2,Jumanji (1995),Adventure
2,Jumanji (1995),Children
2,Jumanji (1995),Fantasy
3,Grumpier Old Men (1995),Comedy
3,Grumpier Old Men (1995),Romance
4,Waiting to Exhale (1995),Comedy
4,Waiting to Exhale (1995),Drama
4,Waiting to Exhale (1995),Romance
5,Father of the Bride Part II (1995),Comedy
6,Heat (1995),Action
6,Heat (1995),Crime
6,Heat (1995),Thriller
7,Sabrina (1995),Comedy
7,Sabrina (1995),Romance
8,Tom and Huck (1995),Adventure
8,Tom and Huck (1995),Children
9,Sudden Death (1995),Action
10,GoldenEye (1995),Action
10,GoldenEye (1995),Adventure
10,GoldenEye (1995),Thriller
11,American President The (1995),Comedy
11,American President The (1995),Drama
11,American President The (1995),Romance
12,Dracula: Dead and Loving It (1995),Comedy
12,Dracula: Dead and Loving It (1995),Horror
13,Balto (1995),Adventure
13,Balto (1995),Animation
13,Balto (1995),Children
14,Nixon (1995),Drama
15,Cutthroat Island (1995),Action
15,Cutthroat Island (1995),Adventure
15,Cutthroat Island (1995),Romance
16,Casino (1995),Crime
16,Casino (1995),Drama
17,Sense and Sensibility (1995),Drama
17,Sense and Sensibility (1995),Romance
18,Four Rooms (1995),Comedy
19,Ace Ventura: When Nature Calls (1995),Comedy
20,Money Train (1995),Action
20,Money Train (1995),Comedy
20,Money Train (1995),Crime
20,Money Train (1995),Drama
20,Money Train (1995),Thriller
21,Get Shorty (1995),Comedy
21,Get Shorty (1995),Crime
21,Get Shorty (1995),Thriller
22,Copycat (1995),Crime
22,Copycat (1995),Drama
22,Copycat (1995),Horror
22,Copycat (1995),Mystery
22,Copycat (1995),Thriller
23,Assassins (1995),Action
23,Assassins (1995),Crime
23,Assassins (1995),Thriller
24,Powder (1995),Drama
24,Powder (1995),Sci-Fi
25,Leaving Las Vegas (1995),Drama
25,Leaving Las Vegas (1995),Romance
26,Othello (1995),Drama
27,Now and Then (1995),Children
27,Now and Then (1995),Drama
28,Persuasion (1995),Drama
28,Persuasion (1995),Romance
29,City of Lost Children The (Cité des enfants perdus La) (1995),Adventure
29,City of Lost Children The (Cité des enfants perdus La) (1995),Drama
29,City of Lost Children The (Cité des enfants perdus La) (1995),Fantasy
29,City of Lost Children The (Cité des enfants perdus La) (1995),Mystery
29,City of Lost Children The (Cité des enfants perdus La) (1995),Sci-Fi
30,Shanghai Triad (Yao a yao yao dao waipo qiao) (1995),Crime
30,Shanghai Triad (Yao a yao yao dao waipo qiao) (1995),Drama
31,Dangerous Minds (1995),Drama
32,Twelve Monkeys (a.k.a. 12 Monkeys) (1995),Mystery
32,Twelve Monkeys (a.k.a. 12 Monkeys) (1995),Sci-Fi
32,Twelve Monkeys (a.k.a. 12 Monkeys) (1995),Thriller
34,Babe (1995),Children
34,Babe (1995),Drama
36,Dead Man Walking (1995),Crime
36,Dead Man Walking (1995),Drama
38,It Takes Two (1995),Children
38,It Takes Two (1995),Comedy
39,Clueless (1995),Comedy
39,Clueless (1995),Romance
40,Cry the Beloved Country (1995),Drama
41,Richard III (1995),Drama
41,Richard III (1995),War
42,Dead Presidents (1995),Action
42,Dead Presidents (1995),Crime
42,Dead Presidents (1995),Drama
43,Restoration (1995),Drama
44,Mortal Kombat (1995),Action
44,Mortal Kombat (1995),Adventure
44,Mortal Kombat (1995),Fantasy
45,To Die For (1995),Comedy
45,To Die For (1995),Drama
45,To Die For (1995),Thriller
46,How to Make an American Quilt (1995),Drama
46,How to Make an American Quilt (1995),Romance
47,Seven (a.k.a. Se7en) (1995),Mystery
47,Seven (a.k.a. Se7en) (1995),Thriller
48,Pocahontas (1995),Animation
48,Pocahontas (1995),Children
48,Pocahontas (1995),Drama
48,Pocahontas (1995),Musical
48,Pocahontas (1995),Romance
49,When Night Is Falling (1995),Drama
49,When Night Is Falling (1995),Romance
50,Usual Suspects The (1995),Crime
50,Usual Suspects The (1995),Mystery
50,Usual Suspects The (1995),Thriller
52,Mighty Aphrodite (1995),Comedy
52,Mighty Aphrodite (1995),Drama
52,Mighty Aphrodite (1995),Romance
53,Lamerica (1994),Adventure
53,Lamerica (1994),Drama
54,Big Green The (1995),Children
54,Big Green The (1995),Comedy
55,Georgia (1995),Drama
57,Home for the Holidays (1995),Drama
58,Postman The (Postino Il) (1994),Comedy
58,Postman The (Postino Il) (1994),Drama
58,Postman The (Postino Il) (1994),Romance
60,Indian in the Cupboard The (1995),Adventure
60,Indian in the Cupboard The (1995),Children
60,Indian in the Cupboard The (1995),Fantasy
61,Eye for an Eye (1996),Drama
61,Eye for an Eye (1996),Thriller
62,Mr. Holland's Opus (1995),Drama
63,Don't Be a Menace to South Central While Drinking Your Juice in the Hood (1996),Comedy
63,Don't Be a Menace to South Central While Drinking Your Juice in the Hood (1996),Crime
64,Two if by Sea (1996),Comedy
64,Two if by Sea (1996),Romance
65,Bio-Dome (1996),Comedy
66,Lawnmower Man 2: Beyond Cyberspace (1996),Action
66,Lawnmower Man 2: Beyond Cyberspace (1996),Sci-Fi
66,Lawnmower Man 2: Beyond Cyberspace (1996),Thriller
68,French Twist (Gazon maudit) (1995),Comedy
68,French Twist (Gazon maudit) (1995),Romance
69,Friday (1995),Comedy
70,From Dusk Till Dawn (1996),Action
70,From Dusk Till Dawn (1996),Comedy
70,From Dusk Till Dawn (1996),Horror
70,From Dusk Till Dawn (1996),Thriller
71,Fair Game (1995),Action
72,Kicking and Screaming (1995),Comedy
72,Kicking and Screaming (1995),Drama
73,Misérables Les (1995),Drama
73,Misérables Les (1995),War
74,Bed of Roses (1996),Drama
74,Bed of Roses (1996),Romance
75,Big Bully (1996),Comedy
75,Big Bully (1996),Drama
76,Screamers (1995),Action
76,Screamers (1995),Sci-Fi
76,Screamers (1995),Thriller
77,Nico Icon (1995),Documentary
78,Crossing Guard The (1995),Action
78,Crossing Guard The (1995),Crime
78,Crossing Guard The (1995),Drama
78,Crossing Guard The (1995),Thriller
79,Juror The (1996),Drama
79,Juror The (1996),Thriller
80,White Balloon The (Badkonake sefid) (1995),Children
80,White Balloon The (Badkonake sefid) (1995),Drama
81,Things to Do in Denver When You're Dead (1995),Crime
81,Things to Do in Denver When You're Dead (1995),Drama
81,Things to Do in Denver When You're Dead (1995),Romance
82,Antonia's Line (Antonia) (1995),Comedy
82,Antonia's Line (Antonia) (1995),Drama
83,Once Upon a Time... When We Were Colored (1995),Drama
83,Once Upon a Time... When We Were Colored (1995),Romance
85,Angels and Insects (1995),Drama
85,Angels and Insects (1995),Romance
86,White Squall (1996),Action
86,White Squall (1996),Adventure
86,White Squall (1996),Drama
87,Dunston Checks In (1996),Children
87,Dunston Checks In (1996),Comedy
88,Black Sheep (1996),Comedy
89,Nick of Time (1995),Action
89,Nick of Time (1995),Thriller
92,Mary Reilly (1996),Drama
92,Mary Reilly (1996),Horror
92,Mary Reilly (1996),Thriller
93,Vampire in Brooklyn (1995),Comedy
93,Vampire in Brooklyn (1995),Horror
93,Vampire in Brooklyn (1995),Romance
94,Beautiful Girls (1996),Comedy
94,Beautiful Girls (1996),Drama
94,Beautiful Girls (1996),Romance
95,Broken Arrow (1996),Action
95,Broken Arrow (1996),Adventure
95,Broken Arrow (1996),Thriller
96,In the Bleak Midwinter (1995),Comedy
96,In the Bleak Midwinter (1995),Drama
97,Hate (Haine La) (1995),Crime
97,Hate (Haine La) (1995),Drama
99,Heidi Fleiss: Hollywood Madam (1995),Documentary
100,City Hall (1996),Drama
100,City Hall (1996),Thriller
101,Bottle Rocket (1996),Adventure
101,Bottle Rocket (1996),Comedy
101,Bottle Rocket (1996),Crime
101,Bottle Rocket (1996),Romance
102,Mr. Wrong (1996),Comedy
103,Unforgettable (1996),Mystery
103,Unforgettable (1996),Sci-Fi
103,Unforgettable (1996),Thriller
104,Happy Gilmore (1996),Comedy
105,Bridges of Madison County The (1995),Drama
105,Bridges of Madison County The (1995),Romance
106,Nobody Loves Me (Keiner liebt mich) (1994),Comedy
106,Nobody Loves Me (Keiner liebt mich) (1994),Drama
107,Muppet Treasure Island (1996),Adventure
107,Muppet Treasure Island (1996),Children
107,Muppet Treasure Island (1996),Comedy
107,Muppet Treasure Island (1996),Musical
108,Catwalk (1996),Documentary
110,Braveheart (1995),Action
110,Braveheart (1995),Drama
110,Braveheart (1995),War
111,Taxi Driver (1976),Crime
111,Taxi Driver (1976),Drama
111,Taxi Driver (1976),Thriller
112,Rumble in the Bronx (Hont faan kui) (1995),Action
112,Rumble in the Bronx (Hont faan kui) (1995),Adventure
112,Rumble in the Bronx (Hont faan kui) (1995),Comedy
112,Rumble in the Bronx (Hont faan kui) (1995),Crime
113,Before and After (1996),Drama
113,Before and After (1996),Mystery
116,Anne Frank Remembered (1995),Documentary
117,Young Poisoner's Handbook The (1995),Crime
117,Young Poisoner's Handbook The (1995),Drama
118,If Lucy Fell (1996),Comedy
118,If Lucy Fell (1996),Romance
119,Steal Big Steal Little (1995),Comedy
121,Boys of St. Vincent The (1992),Drama
122,Boomerang (1992),Comedy
122,Boomerang (1992),Romance
123,Chungking Express (Chung Hing sam lam) (1994),Drama
123,Chungking Express (Chung Hing sam lam) (1994),Mystery
123,Chungking Express (Chung Hing sam lam) (1994),Romance
125,Flirting With Disaster (1996),Comedy
126,NeverEnding Story III The (1994),Adventure
126,NeverEnding Story III The (1994),Children
126,NeverEnding Story III The (1994),Fantasy
128,Jupiter's Wife (1994),Documentary
129,Pie in the Sky (1996),Comedy
129,Pie in the Sky (1996),Romance
132,Jade (1995),Thriller
135,Down Periscope (1996),Comedy
137,Man of the Year (1995),Documentary
140,Up Close and Personal (1996),Drama
140,Up Close and Personal (1996),Romance
141,Birdcage The (1996),Comedy
144,Brothers McMullen The (1995),Comedy
145,Bad Boys (1995),Action
145,Bad Boys (1995),Comedy
145,Bad Boys (1995),Crime
145,Bad Boys (1995),Drama
145,Bad Boys (1995),Thriller
146,Amazing Panda Adventure The (1995),Adventure
146,Amazing Panda Adventure The (1995),Children
147,Basketball Diaries The (1995),Drama
148,Awfully Big Adventure An (1995),Drama
149,Amateur (1994),Crime
149,Amateur (1994),Drama
149,Amateur (1994),Thriller
150,Apollo 13 (1995),Adventure
150,Apollo 13 (1995),Drama
150,Apollo 13 (1995),IMAX
151,Rob Roy (1995),Action
151,Rob Roy (1995),Drama
151,Rob Roy (1995),Romance
151,Rob Roy (1995),War
152,Addiction The (1995),Drama
152,Addiction The (1995),Horror
153,Batman Forever (1995),Action
153,Batman Forever (1995),Adventure
153,Batman Forever (1995),Comedy
153,Batman Forever (1995),Crime
154,Beauty of the Day (Belle de jour) (1967),Drama
155,Beyond Rangoon (1995),Adventure
155,Beyond Rangoon (1995),Drama
155,Beyond Rangoon (1995),War
156,Blue in the Face (1995),Comedy
156,Blue in the Face (1995),Drama
157,Canadian Bacon (1995),Comedy
157,Canadian Bacon (1995),War
158,Casper (1995),Adventure
158,Casper (1995),Children
159,Clockers (1995),Crime
159,Clockers (1995),Drama
159,Clockers (1995),Mystery
160,Congo (1995),Action
160,Congo (1995),Adventure
160,Congo (1995),Mystery
160,Congo (1995),Sci-Fi
161,Crimson Tide (1995),Drama
161,Crimson Tide (1995),Thriller
161,Crimson Tide (1995),War
162,Crumb (1994),Documentary
163,Desperado (1995),Action
163,Desperado (1995),Romance
163,Desperado (1995),Western
164,Devil in a Blue Dress (1995),Crime
164,Devil in a Blue Dress (1995),Film-Noir
164,Devil in a Blue Dress (1995),Mystery
164,Devil in a Blue Dress (1995),Thriller
165,Die Hard: With a Vengeance (1995),Action
165,Die Hard: With a Vengeance (1995),Crime
165,Die Hard: With a Vengeance (1995),Thriller
166,Doom Generation The (1995),Comedy
166,Doom Generation The (1995),Crime
166,Doom Generation The (1995),Drama
168,First Knight (1995),Action
168,First Knight (1995),Drama
168,First Knight (1995),Romance
169,Free Willy 2: The Adventure Home (1995),Adventure
169,Free Willy 2: The Adventure Home (1995),Children
169,Free Willy 2: The Adventure Home (1995),Drama
170,Hackers (1995),Action
170,Hackers (1995),Adventure
170,Hackers (1995),Crime
170,Hackers (1995),Thriller
171,Jeffrey (1995),Comedy
171,Jeffrey (1995),Drama
172,Johnny Mnemonic (1995),Action
172,Johnny Mnemonic (1995),Sci-Fi
172,Johnny Mnemonic (1995),Thriller
173,Judge Dredd (1995),Action
173,Judge Dredd (1995),Crime
173,Judge Dredd (1995),Sci-Fi
174,Jury Duty (1995),Comedy
175,Kids (1995),Drama
176,Living in Oblivion (1995),Comedy
177,Lord of Illusions (1995),Horror
178,Love & Human Remains (1993),Comedy
178,Love & Human Remains (1993),Drama
179,Mad Love (1995),Drama
179,Mad Love (1995),Romance
180,Mallrats (1995),Comedy
180,Mallrats (1995),Romance
181,Mighty Morphin Power Rangers: The Movie (1995),Action
181,Mighty Morphin Power Rangers: The Movie (1995),Children
183,Mute Witness (1994),Comedy
183,Mute Witness (1994),Horror
183,Mute Witness (1994),Thriller
184,Nadja (1994),Drama
185,Net The (1995),Action
185,Net The (1995),Crime
185,Net The (1995),Thriller
186,Nine Months (1995),Comedy
186,Nine Months (1995),Romance
187,Party Girl (1995),Comedy
188,Prophecy The (1995),Fantasy
188,Prophecy The (1995),Horror
188,Prophecy The (1995),Mystery
189,Reckless (1995),Comedy
189,Reckless (1995),Fantasy
190,Safe (1995),Thriller
191,Scarlet Letter The (1995),Drama
191,Scarlet Letter The (1995),Romance
193,Showgirls (1995),Drama
194,Smoke (1995),Comedy
194,Smoke (1995),Drama
195,Something to Talk About (1995),Comedy
195,Something to Talk About (1995),Drama
195,Something to Talk About (1995),Romance
196,Species (1995),Horror
196,Species (1995),Sci-Fi
198,Strange Days (1995),Action
198,Strange Days (1995),Crime
198,Strange Days (1995),Drama
198,Strange Days (1995),Mystery
198,Strange Days (1995),Sci-Fi
198,Strange Days (1995),Thriller
199,Umbrellas of Cherbourg The (Parapluies de Cherbourg Les) (1964),Drama
199,Umbrellas of Cherbourg The (Parapluies de Cherbourg Les) (1964),Musical
199,Umbrellas of Cherbourg The (Parapluies de Cherbourg Les) (1964),Romance
201,Three Wishes (1995),Drama
201,Three Wishes (1995),Fantasy
202,Total Eclipse (1995),Drama
202,Total Eclipse (1995),Romance
203,To Wong Foo Thanks for Everything! Julie Newmar (1995),Comedy
204,Under Siege 2: Dark Territory (1995),Action
205,Unstrung Heroes (1995),Comedy
205,Unstrung Heroes (1995),Drama
206,Unzipped (1995),Documentary
207,Walk in the Clouds A (1995),Drama
207,Walk in the Clouds A (1995),Romance
208,Waterworld (1995),Action
208,Waterworld (1995),Adventure
208,Waterworld (1995),Sci-Fi
209,White Man's Burden (1995),Drama
210,Wild Bill (1995),Western
211,Browning Version The (1994),Drama
212,Bushwhacked (1995),Adventure
212,Bushwhacked (1995),Comedy
212,Bushwhacked (1995),Crime
212,Bushwhacked (1995),Mystery
213,Burnt by the Sun (Utomlyonnye solntsem) (1994),Drama
214,Before the Rain (Pred dozhdot) (1994),Drama
214,Before the Rain (Pred dozhdot) (1994),War
215,Before Sunrise (1995),Drama
215,Before Sunrise (1995),Romance
216,Billy Madison (1995),Comedy
217,Babysitter The (1995),Drama
217,Babysitter The (1995),Thriller
218,Boys on the Side (1995),Comedy
218,Boys on the Side (1995),Drama
219,Cure The (1995),Drama
220,Castle Freak (1995),Horror
222,Circle of Friends (1995),Drama
222,Circle of Friends (1995),Romance
223,Clerks (1994),Comedy
224,Don Juan DeMarco (1995),Comedy
224,Don Juan DeMarco (1995),Drama
224,Don Juan DeMarco (1995),Romance
225,Disclosure (1994),Drama
225,Disclosure (1994),Thriller
227,Drop Zone (1994),Action
227,Drop Zone (1994),Thriller
228,Destiny Turns on the Radio (1995),Comedy
229,Death and the Maiden (1994),Drama
229,Death and the Maiden (1994),Thriller
230,Dolores Claiborne (1995),Drama
230,Dolores Claiborne (1995),Thriller
231,Dumb & Dumber (Dumb and Dumber) (1994),Adventure
231,Dumb & Dumber (Dumb and Dumber) (1994),Comedy
232,Eat Drink Man Woman (Yin shi nan nu) (1994),Comedy
232,Eat Drink Man Woman (Yin shi nan nu) (1994),Drama
232,Eat Drink Man Woman (Yin shi nan nu) (1994),Romance
233,Exotica (1994),Drama
234,Exit to Eden (1994),Comedy
235,Ed Wood (1994),Comedy
235,Ed Wood (1994),Drama
236,French Kiss (1995),Action
236,French Kiss (1995),Comedy
236,French Kiss (1995),Romance
237,Forget Paris (1995),Comedy
237,Forget Paris (1995),Romance
238,Far From Home: The Adventures of Yellow Dog (1995),Adventure
238,Far From Home: The Adventures of Yellow Dog (1995),Children
239,Goofy Movie A (1995),Animation
239,Goofy Movie A (1995),Children
239,Goofy Movie A (1995),Comedy
239,Goofy Movie A (1995),Romance
240,Hideaway (1995),Thriller
241,Fluke (1995),Children
241,Fluke (1995),Drama
242,Farinelli: il castrato (1994),Drama
242,Farinelli: il castrato (1994),Musical
243,Gordy (1995),Children
243,Gordy (1995),Comedy
243,Gordy (1995),Fantasy
246,Hoop Dreams (1994),Documentary
247,Heavenly Creatures (1994),Crime
247,Heavenly Creatures (1994),Drama
248,Houseguest (1994),Comedy
249,Immortal Beloved (1994),Drama
249,Immortal Beloved (1994),Romance
250,Heavyweights (Heavy Weights) (1995),Children
250,Heavyweights (Heavy Weights) (1995),Comedy
251,Hunted The (1995),Action
252,I.Q. (1994),Comedy
252,I.Q. (1994),Romance
253,Interview with the Vampire: The Vampire Chronicles (1994),Drama
253,Interview with the Vampire: The Vampire Chronicles (1994),Horror
254,Jefferson in Paris (1995),Drama
255,Jerky Boys The (1995),Comedy
256,Junior (1994),Comedy
256,Junior (1994),Sci-Fi
257,Just Cause (1995),Mystery
257,Just Cause (1995),Thriller
258,Kid in King Arthur's Court A (1995),Adventure
258,Kid in King Arthur's Court A (1995),Children
258,Kid in King Arthur's Court A (1995),Comedy
258,Kid in King Arthur's Court A (1995),Fantasy
258,Kid in King Arthur's Court A (1995),Romance
259,Kiss of Death (1995),Crime
259,Kiss of Death (1995),Drama
259,Kiss of Death (1995),Thriller
260,Star Wars: Episode IV - A New Hope (1977),Action
260,Star Wars: Episode IV - A New Hope (1977),Adventure
260,Star Wars: Episode IV - A New Hope (1977),Sci-Fi
261,Little Women (1994),Drama
262,Little Princess A (1995),Children
262,Little Princess A (1995),Drama
263,Ladybird Ladybird (1994),Drama
265,Like Water for Chocolate (Como agua para chocolate) (1992),Drama
265,Like Water for Chocolate (Como agua para chocolate) (1992),Fantasy
265,Like Water for Chocolate (Como agua para chocolate) (1992),Romance
266,Legends of the Fall (1994),Drama
266,Legends of the Fall (1994),Romance
266,Legends of the Fall (1994),War
266,Legends of the Fall (1994),Western
267,Major Payne (1995),Comedy
269,My Crazy Life (Mi vida loca) (1993),Drama
270,Love Affair (1994),Drama
270,Love Affair (1994),Romance
271,Losing Isaiah (1995),Drama
272,Madness of King George The (1994),Comedy
272,Madness of King George The (1994),Drama
273,Mary Shelley's Frankenstein (Frankenstein) (1994),Drama
273,Mary Shelley's Frankenstein (Frankenstein) (1994),Horror
273,Mary Shelley's Frankenstein (Frankenstein) (1994),Sci-Fi
274,Man of the House (1995),Comedy
275,Mixed Nuts (1994),Comedy
276,Milk Money (1994),Comedy
276,Milk Money (1994),Romance
277,Miracle on 34th Street (1994),Drama
278,Miami Rhapsody (1995),Comedy
279,My Family (1995),Drama
280,Murder in the First (1995),Drama
280,Murder in the First (1995),Thriller
281,Nobody's Fool (1994),Comedy
281,Nobody's Fool (1994),Drama
281,Nobody's Fool (1994),Romance
282,Nell (1994),Drama
283,New Jersey Drive (1995),Crime
283,New Jersey Drive (1995),Drama
284,New York Cop (Nyû Yôku no koppu) (1993),Action
284,New York Cop (Nyû Yôku no koppu) (1993),Crime
285,Beyond Bedlam (1993),Drama
285,Beyond Bedlam (1993),Horror
287,Nina Takes a Lover (1994),Comedy
287,Nina Takes a Lover (1994),Romance
288,Natural Born Killers (1994),Action
288,Natural Born Killers (1994),Crime
288,Natural Born Killers (1994),Thriller
289,Only You (1994),Comedy
289,Only You (1994),Romance
290,Once Were Warriors (1994),Crime
290,Once Were Warriors (1994),Drama
291,Poison Ivy II (1996),Drama
291,Poison Ivy II (1996),Thriller
292,Outbreak (1995),Action
292,Outbreak (1995),Drama
292,Outbreak (1995),Sci-Fi
292,Outbreak (1995),Thriller
293,Léon: The Professional (a.k.a. The Professional) (Léon) (1994),Action
293,Léon: The Professional (a.k.a. The Professional) (Léon) (1994),Crime
293,Léon: The Professional (a.k.a. The Professional) (Léon) (1994),Drama
293,Léon: The Professional (a.k.a. The Professional) (Léon) (1994),Thriller
294,Perez Family The (1995),Comedy
294,Perez Family The (1995),Romance
295,Pyromaniac's Love Story A (1995),Comedy
295,Pyromaniac's Love Story A (1995),Romance
296,Pulp Fiction (1994),Comedy
296,Pulp Fiction (1994),Crime
296,Pulp Fiction (1994),Drama
296,Pulp Fiction (1994),Thriller
298,Pushing Hands (Tui shou) (1992),Drama
299,Priest (1994),Drama
300,Quiz Show (1994),Drama
301,Picture Bride (Bijo photo) (1994),Drama
301,Picture Bride (Bijo photo) (1994),Romance
302,Queen Margot (Reine Margot La) (1994),Drama
302,Queen Margot (Reine Margot La) (1994),Romance
303,Quick and the Dead The (1995),Action
303,Quick and the Dead The (1995),Thriller
303,Quick and the Dead The (1995),Western
304,Roommates (1995),Comedy
304,Roommates (1995),Drama
305,Ready to Wear (Pret-A-Porter) (1994),Comedy
306,Three Colors: Red (Trois couleurs: Rouge) (1994),Drama
307,Three Colors: Blue (Trois couleurs: Bleu) (1993),Drama
308,Three Colors: White (Trzy kolory: Bialy) (1994),Comedy
308,Three Colors: White (Trzy kolory: Bialy) (1994),Drama
310,Rent-a-Kid (1995),Comedy
311,Relative Fear (1994),Horror
311,Relative Fear (1994),Thriller
312,Stuart Saves His Family (1995),Comedy
313,Swan Princess The (1994),Animation
313,Swan Princess The (1994),Children
314,Secret of Roan Inish The (1994),Children
314,Secret of Roan Inish The (1994),Drama
314,Secret of Roan Inish The (1994),Fantasy
314,Secret of Roan Inish The (1994),Mystery
315,Specialist The (1994),Action
315,Specialist The (1994),Drama
315,Specialist The (1994),Thriller
316,Stargate (1994),Action
316,Stargate (1994),Adventure
316,Stargate (1994),Sci-Fi
317,Santa Clause The (1994),Comedy
317,Santa Clause The (1994),Drama
317,Santa Clause The (1994),Fantasy
318,Shawshank Redemption The (1994),Crime
318,Shawshank Redemption The (1994),Drama
319,Shallow Grave (1994),Comedy
319,Shallow Grave (1994),Drama
319,Shallow Grave (1994),Thriller
320,Suture (1993),Film-Noir
320,Suture (1993),Thriller
321,Strawberry and Chocolate (Fresa y chocolate) (1993),Drama
322,Swimming with Sharks (1995),Comedy
322,Swimming with Sharks (1995),Drama
324,Sum of Us The (1994),Comedy
324,Sum of Us The (1994),Drama
325,National Lampoon's Senior Trip (1995),Comedy
326,To Live (Huozhe) (1994),Drama
327,Tank Girl (1995),Action
327,Tank Girl (1995),Comedy
327,Tank Girl (1995),Sci-Fi
328,Tales from the Crypt Presents: Demon Knight (1995),Horror
328,Tales from the Crypt Presents: Demon Knight (1995),Thriller
329,Star Trek: Generations (1994),Adventure
329,Star Trek: Generations (1994),Drama
329,Star Trek: Generations (1994),Sci-Fi
330,Tales from the Hood (1995),Action
330,Tales from the Hood (1995),Crime
330,Tales from the Hood (1995),Horror
331,Tom & Viv (1994),Drama
332,Village of the Damned (1995),Horror
332,Village of the Damned (1995),Sci-Fi
333,Tommy Boy (1995),Comedy
334,Vanya on 42nd Street (1994),Drama
335,Underneath (1995),Mystery
335,Underneath (1995),Thriller
336,Walking Dead The (1995),Drama
336,Walking Dead The (1995),War
337,What's Eating Gilbert Grape (1993),Drama
338,Virtuosity (1995),Action
338,Virtuosity (1995),Sci-Fi
338,Virtuosity (1995),Thriller
339,While You Were Sleeping (1995),Comedy
339,While You Were Sleeping (1995),Romance
340,War The (1994),Adventure
340,War The (1994),Drama
340,War The (1994),War
341,Double Happiness (1994),Drama
342,Muriel's Wedding (1994),Comedy
343,Baby-Sitters Club The (1995),Children
344,Ace Ventura: Pet Detective (1994),Comedy
345,Adventures of Priscilla Queen of the Desert The (1994),Comedy
345,Adventures of Priscilla Queen of the Desert The (1994),Drama
346,Backbeat (1993),Drama
346,Backbeat (1993),Musical
347,Bitter Moon (1992),Drama
347,Bitter Moon (1992),Film-Noir
347,Bitter Moon (1992),Romance
348,Bullets Over Broadway (1994),Comedy
349,Clear and Present Danger (1994),Action
349,Clear and Present Danger (1994),Crime
349,Clear and Present Danger (1994),Drama
349,Clear and Present Danger (1994),Thriller
350,Client The (1994),Drama
350,Client The (1994),Mystery
350,Client The (1994),Thriller
351,Corrina Corrina (1994),Comedy
351,Corrina Corrina (1994),Drama
351,Corrina Corrina (1994),Romance
352,Crooklyn (1994),Comedy
352,Crooklyn (1994),Drama
353,Crow The (1994),Action
353,Crow The (1994),Crime
353,Crow The (1994),Fantasy
353,Crow The (1994),Thriller
354,Cobb (1994),Drama
355,Flintstones The (1994),Children
355,Flintstones The (1994),Comedy
355,Flintstones The (1994),Fantasy
356,Forrest Gump (1994),Comedy
356,Forrest Gump (1994),Drama
356,Forrest Gump (1994),Romance
356,Forrest Gump (1994),War
357,Four Weddings and a Funeral (1994),Comedy
357,Four Weddings and a Funeral (1994),Romance
358,Higher Learning (1995),Drama
359,I Like It Like That (1994),Comedy
359,I Like It Like That (1994),Drama
359,I Like It Like That (1994),Romance
360,I Love Trouble (1994),Action
360,I Love Trouble (1994),Comedy
361,It Could Happen to You (1994),Comedy
361,It Could Happen to You (1994),Drama
361,It Could Happen to You (1994),Romance
362,Jungle Book The (1994),Adventure
362,Jungle Book The (1994),Children
362,Jungle Book The (1994),Romance
363,Wonderful Horrible Life of Leni Riefenstahl The (Macht der Bilder: Leni Riefenstahl Die) (1993),Documentary
364,Lion King The (1994),Adventure
364,Lion King The (1994),Animation
364,Lion King The (1994),Children
364,Lion King The (1994),Drama
364,Lion King The (1994),Musical
364,Lion King The (1994),IMAX
365,Little Buddha (1993),Drama
366,Wes Craven's New Nightmare (Nightmare on Elm Street Part 7: Freddy's Finale A) (1994),Drama
366,Wes Craven's New Nightmare (Nightmare on Elm Street Part 7: Freddy's Finale A) (1994),Horror
366,Wes Craven's New Nightmare (Nightmare on Elm Street Part 7: Freddy's Finale A) (1994),Mystery
366,Wes Craven's New Nightmare (Nightmare on Elm Street Part 7: Freddy's Finale A) (1994),Thriller
367,Mask The (1994),Action
367,Mask The (1994),Comedy
367,Mask The (1994),Crime
367,Mask The (1994),Fantasy
368,Maverick (1994),Adventure
368,Maverick (1994),Comedy
368,Maverick (1994),Western
369,Mrs. Parker and the Vicious Circle (1994),Drama
370,Naked Gun 33 1/3: The Final Insult (1994),Action
370,Naked Gun 33 1/3: The Final Insult (1994),Comedy
371,Paper The (1994),Comedy
371,Paper The (1994),Drama
372,Reality Bites (1994),Comedy
372,Reality Bites (1994),Drama
372,Reality Bites (1994),Romance
373,Red Rock West (1992),Thriller
374,Richie Rich (1994),Children
374,Richie Rich (1994),Comedy
376,River Wild The (1994),Action
376,River Wild The (1994),Thriller
377,Speed (1994),Action
377,Speed (1994),Romance
377,Speed (1994),Thriller
378,Speechless (1994),Comedy
378,Speechless (1994),Romance
379,Timecop (1994),Action
379,Timecop (1994),Sci-Fi
379,Timecop (1994),Thriller
380,True Lies (1994),Action
380,True Lies (1994),Adventure
380,True Lies (1994),Comedy
380,True Lies (1994),Romance
380,True Lies (1994),Thriller
381,When a Man Loves a Woman (1994),Drama
381,When a Man Loves a Woman (1994),Romance
382,Wolf (1994),Drama
382,Wolf (1994),Horror
382,Wolf (1994),Romance
382,Wolf (1994),Thriller
383,Wyatt Earp (1994),Western
384,Bad Company (1995),Action
384,Bad Company (1995),Crime
384,Bad Company (1995),Drama
385,Man of No Importance A (1994),Drama
386,S.F.W. (1994),Drama
387,Low Down Dirty Shame A (1994),Action
387,Low Down Dirty Shame A (1994),Comedy
388,Boys Life (1995),Drama
389,Colonel Chabert Le (1994),Drama
389,Colonel Chabert Le (1994),Romance
389,Colonel Chabert Le (1994),War
390,Faster Pussycat! Kill! Kill! (1965),Action
390,Faster Pussycat! Kill! Kill! (1965),Crime
390,Faster Pussycat! Kill! Kill! (1965),Drama
391,Jason's Lyric (1994),Crime
391,Jason's Lyric (1994),Drama
393,Street Fighter (1994),Action
393,Street Fighter (1994),Adventure
393,Street Fighter (1994),Fantasy
405,Highlander III: The Sorcerer (a.k.a. Highlander: The Final Dimension) (1994),Action
405,Highlander III: The Sorcerer (a.k.a. Highlander: The Final Dimension) (1994),Fantasy
406,Federal Hill (1994),Drama
407,In the Mouth of Madness (1995),Horror
407,In the Mouth of Madness (1995),Thriller
408,8 Seconds (1994),Drama
409,Above the Rim (1994),Crime
409,Above the Rim (1994),Drama
410,Addams Family Values (1993),Children
410,Addams Family Values (1993),Comedy
410,Addams Family Values (1993),Fantasy
412,Age of Innocence The (1993),Drama
413,Airheads (1994),Comedy
414,Air Up There The (1994),Comedy
415,Another Stakeout (1993),Comedy
415,Another Stakeout (1993),Thriller
416,Bad Girls (1994),Western
417,Barcelona (1994),Comedy
417,Barcelona (1994),Romance
418,Being Human (1993),Drama
419,Beverly Hillbillies The (1993),Comedy
420,Beverly Hills Cop III (1994),Action
420,Beverly Hills Cop III (1994),Comedy
420,Beverly Hills Cop III (1994),Crime
420,Beverly Hills Cop III (1994),Thriller
421,Black Beauty (1994),Adventure
421,Black Beauty (1994),Children
421,Black Beauty (1994),Drama
422,Blink (1994),Thriller
423,Blown Away (1994),Action
423,Blown Away (1994),Thriller
424,Blue Chips (1994),Drama
425,Blue Sky (1994),Drama
425,Blue Sky (1994),Romance
426,Body Snatchers (1993),Horror
426,Body Snatchers (1993),Sci-Fi
426,Body Snatchers (1993),Thriller
427,Boxing Helena (1993),Drama
427,Boxing Helena (1993),Mystery
427,Boxing Helena (1993),Romance
427,Boxing Helena (1993),Thriller
428,Bronx Tale A (1993),Drama
429,Cabin Boy (1994),Comedy
430,Calendar Girl (1993),Comedy
430,Calendar Girl (1993),Drama
431,Carlito's Way (1993),Crime
431,Carlito's Way (1993),Drama
432,City Slickers II: The Legend of Curly's Gold (1994),Adventure
432,City Slickers II: The Legend of Curly's Gold (1994),Comedy
432,City Slickers II: The Legend of Curly's Gold (1994),Western
433,Clean Slate (1994),Comedy
434,Cliffhanger (1993),Action
434,Cliffhanger (1993),Adventure
434,Cliffhanger (1993),Thriller
435,Coneheads (1993),Comedy
435,Coneheads (1993),Sci-Fi
436,Color of Night (1994),Drama
436,Color of Night (1994),Thriller
437,Cops and Robbersons (1994),Comedy
438,Cowboy Way The (1994),Action
438,Cowboy Way The (1994),Comedy
438,Cowboy Way The (1994),Drama
440,Dave (1993),Comedy
440,Dave (1993),Romance
441,Dazed and Confused (1993),Comedy
442,Demolition Man (1993),Action
442,Demolition Man (1993),Adventure
442,Demolition Man (1993),Sci-Fi
444,Even Cowgirls Get the Blues (1993),Comedy
444,Even Cowgirls Get the Blues (1993),Romance
445,Fatal Instinct (1993),Comedy
446,Farewell My Concubine (Ba wang bie ji) (1993),Drama
446,Farewell My Concubine (Ba wang bie ji) (1993),Romance
448,Fearless (1993),Drama
449,Fear of a Black Hat (1994),Comedy
450,With Honors (1994),Comedy
450,With Honors (1994),Drama
451,Flesh and Bone (1993),Drama
451,Flesh and Bone (1993),Mystery
451,Flesh and Bone (1993),Romance
452,Widows' Peak (1994),Drama
453,For Love or Money (1993),Comedy
453,For Love or Money (1993),Romance
454,Firm The (1993),Drama
454,Firm The (1993),Thriller
455,Free Willy (1993),Adventure
455,Free Willy (1993),Children
455,Free Willy (1993),Drama
456,Fresh (1994),Crime
456,Fresh (1994),Drama
456,Fresh (1994),Thriller
457,Fugitive The (1993),Thriller
458,Geronimo: An American Legend (1993),Drama
458,Geronimo: An American Legend (1993),Western
459,Getaway The (1994),Action
459,Getaway The (1994),Adventure
459,Getaway The (1994),Crime
459,Getaway The (1994),Drama
459,Getaway The (1994),Romance
459,Getaway The (1994),Thriller
460,Getting Even with Dad (1994),Comedy
461,Go Fish (1994),Drama
461,Go Fish (1994),Romance
464,Hard Target (1993),Action
464,Hard Target (1993),Adventure
464,Hard Target (1993),Crime
464,Hard Target (1993),Thriller
466,Hot Shots! Part Deux (1993),Action
466,Hot Shots! Part Deux (1993),Comedy
466,Hot Shots! Part Deux (1993),War
467,Live Nude Girls (1995),Comedy
468,Englishman Who Went Up a Hill But Came Down a Mountain The (1995),Comedy
468,Englishman Who Went Up a Hill But Came Down a Mountain The (1995),Romance
469,House of the Spirits The (1993),Drama
469,House of the Spirits The (1993),Romance
470,House Party 3 (1994),Comedy
471,Hudsucker Proxy The (1994),Comedy
472,I'll Do Anything (1994),Comedy
472,I'll Do Anything (1994),Drama
473,In the Army Now (1994),Comedy
473,In the Army Now (1994),War
474,In the Line of Fire (1993),Action
474,In the Line of Fire (1993),Thriller
475,In the Name of the Father (1993),Drama
476,Inkwell The (1994),Comedy
476,Inkwell The (1994),Drama
477,What's Love Got to Do with It? (1993),Drama
477,What's Love Got to Do with It? (1993),Musical
478,Jimmy Hollywood (1994),Comedy
478,Jimmy Hollywood (1994),Crime
478,Jimmy Hollywood (1994),Drama
479,Judgment Night (1993),Action
479,Judgment Night (1993),Crime
479,Judgment Night (1993),Thriller
480,Jurassic Park (1993),Action
480,Jurassic Park (1993),Adventure
480,Jurassic Park (1993),Sci-Fi
480,Jurassic Park (1993),Thriller
481,Kalifornia (1993),Drama
481,Kalifornia (1993),Thriller
482,Killing Zoe (1994),Crime
482,Killing Zoe (1994),Drama
482,Killing Zoe (1994),Thriller
484,Lassie (1994),Adventure
484,Lassie (1994),Children
485,Last Action Hero (1993),Action
485,Last Action Hero (1993),Adventure
485,Last Action Hero (1993),Comedy
485,Last Action Hero (1993),Fantasy
486,Life with Mikey (1993),Comedy
487,Lightning Jack (1994),Comedy
487,Lightning Jack (1994),Western
488,M. Butterfly (1993),Drama
488,M. Butterfly (1993),Romance
489,Made in America (1993),Comedy
490,Malice (1993),Thriller
491,Man Without a Face The (1993),Drama
492,Manhattan Murder Mystery (1993),Comedy
492,Manhattan Murder Mystery (1993),Mystery
493,Menace II Society (1993),Action
493,Menace II Society (1993),Crime
493,Menace II Society (1993),Drama
494,Executive Decision (1996),Action
494,Executive Decision (1996),Adventure
494,Executive Decision (1996),Thriller
495,In the Realm of the Senses (Ai no corrida) (1976),Drama
496,What Happened Was... (1994),Comedy
496,What Happened Was... (1994),Drama
496,What Happened Was... (1994),Romance
496,What Happened Was... (1994),Thriller
497,Much Ado About Nothing (1993),Comedy
497,Much Ado About Nothing (1993),Romance
499,Mr. Wonderful (1993),Comedy
499,Mr. Wonderful (1993),Romance
500,Mrs. Doubtfire (1993),Comedy
500,Mrs. Doubtfire (1993),Drama
501,Naked (1993),Drama
502,Next Karate Kid The (1994),Action
502,Next Karate Kid The (1994),Children
502,Next Karate Kid The (1994),Romance
504,No Escape (1994),Action
504,No Escape (1994),Drama
504,No Escape (1994),Sci-Fi
505,North (1994),Comedy
506,Orlando (1992),Drama
506,Orlando (1992),Fantasy
506,Orlando (1992),Romance
507,Perfect World A (1993),Crime
507,Perfect World A (1993),Drama
507,Perfect World A (1993),Thriller
508,Philadelphia (1993),Drama
509,Piano The (1993),Drama
509,Piano The (1993),Romance
510,Poetic Justice (1993),Drama
511,Program The (1993),Action
511,Program The (1993),Drama
512,Puppet Masters The (1994),Horror
512,Puppet Masters The (1994),Sci-Fi
513,Radioland Murders (1994),Comedy
513,Radioland Murders (1994),Mystery
513,Radioland Murders (1994),Romance
514,Ref The (1994),Comedy
515,Remains of the Day The (1993),Drama
515,Remains of the Day The (1993),Romance
516,Renaissance Man (1994),Comedy
516,Renaissance Man (1994),Drama
517,Rising Sun (1993),Action
517,Rising Sun (1993),Drama
517,Rising Sun (1993),Mystery
518,Road to Wellville The (1994),Comedy
519,RoboCop 3 (1993),Action
519,RoboCop 3 (1993),Crime
519,RoboCop 3 (1993),Drama
519,RoboCop 3 (1993),Sci-Fi
519,RoboCop 3 (1993),Thriller
520,Robin Hood: Men in Tights (1993),Comedy
521,Romeo Is Bleeding (1993),Crime
521,Romeo Is Bleeding (1993),Thriller
522,Romper Stomper (1992),Action
522,Romper Stomper (1992),Drama
523,Ruby in Paradise (1993),Drama
524,Rudy (1993),Drama
526,Savage Nights (Nuits fauves Les) (1992),Drama
527,Schindler's List (1993),Drama
527,Schindler's List (1993),War
528,Scout The (1994),Comedy
528,Scout The (1994),Drama
529,Searching for Bobby Fischer (1993),Drama
531,Secret Garden The (1993),Children
531,Secret Garden The (1993),Drama
532,Serial Mom (1994),Comedy
532,Serial Mom (1994),Crime
532,Serial Mom (1994),Horror
533,Shadow The (1994),Action
533,Shadow The (1994),Adventure
533,Shadow The (1994),Fantasy
533,Shadow The (1994),Mystery
534,Shadowlands (1993),Drama
534,Shadowlands (1993),Romance
535,Short Cuts (1993),Drama
536,Simple Twist of Fate A (1994),Drama
537,Sirens (1994),Drama
538,Six Degrees of Separation (1993),Drama
539,Sleepless in Seattle (1993),Comedy
539,Sleepless in Seattle (1993),Drama
539,Sleepless in Seattle (1993),Romance
540,Sliver (1993),Thriller
541,Blade Runner (1982),Action
541,Blade Runner (1982),Sci-Fi
541,Blade Runner (1982),Thriller
542,Son in Law (1993),Comedy
542,Son in Law (1993),Drama
542,Son in Law (1993),Romance
543,So I Married an Axe Murderer (1993),Comedy
543,So I Married an Axe Murderer (1993),Romance
543,So I Married an Axe Murderer (1993),Thriller
544,Striking Distance (1993),Action
544,Striking Distance (1993),Crime
546,Super Mario Bros. (1993),Action
546,Super Mario Bros. (1993),Adventure
546,Super Mario Bros. (1993),Children
546,Super Mario Bros. (1993),Comedy
546,Super Mario Bros. (1993),Fantasy
546,Super Mario Bros. (1993),Sci-Fi
547,Surviving the Game (1994),Action
547,Surviving the Game (1994),Adventure
547,Surviving the Game (1994),Thriller
548,Terminal Velocity (1994),Action
548,Terminal Velocity (1994),Mystery
548,Terminal Velocity (1994),Thriller
549,Thirty-Two Short Films About Glenn Gould (1993),Drama
549,Thirty-Two Short Films About Glenn Gould (1993),Musical
550,Threesome (1994),Comedy
550,Threesome (1994),Romance
551,Nightmare Before Christmas The (1993),Animation
551,Nightmare Before Christmas The (1993),Children
551,Nightmare Before Christmas The (1993),Fantasy
551,Nightmare Before Christmas The (1993),Musical
552,Three Musketeers The (1993),Action
552,Three Musketeers The (1993),Adventure
552,Three Musketeers The (1993),Comedy
552,Three Musketeers The (1993),Romance
553,Tombstone (1993),Action
553,Tombstone (1993),Drama
553,Tombstone (1993),Western
555,True Romance (1993),Crime
555,True Romance (1993),Thriller
556,War Room The (1993),Documentary
558,Pagemaster The (1994),Action
558,Pagemaster The (1994),Adventure
558,Pagemaster The (1994),Animation
558,Pagemaster The (1994),Children
558,Pagemaster The (1994),Fantasy
562,Welcome to the Dollhouse (1995),Comedy
562,Welcome to the Dollhouse (1995),Drama
563,Germinal (1993),Drama
563,Germinal (1993),Romance
564,Chasers (1994),Comedy
567,Kika (1993),Comedy
567,Kika (1993),Drama
568,Bhaji on the Beach (1993),Comedy
568,Bhaji on the Beach (1993),Drama
569,Little Big League (1994),Comedy
569,Little Big League (1994),Drama
573,Ciao Professore! (Io speriamo che me la cavo) (1992),Drama
574,Spanking the Monkey (1994),Comedy
574,Spanking the Monkey (1994),Drama
575,Little Rascals The (1994),Children
575,Little Rascals The (1994),Comedy
577,Andre (1994),Adventure
577,Andre (1994),Children
577,Andre (1994),Drama
579,Escort The (Scorta La) (1993),Crime
579,Escort The (Scorta La) (1993),Thriller
580,Princess Caraboo (1994),Drama
581,Celluloid Closet The (1995),Documentary
583,Dear Diary (Caro Diario) (1994),Comedy
583,Dear Diary (Caro Diario) (1994),Drama
585,Brady Bunch Movie The (1995),Comedy
586,Home Alone (1990),Children
586,Home Alone (1990),Comedy
587,Ghost (1990),Comedy
587,Ghost (1990),Drama
587,Ghost (1990),Fantasy
587,Ghost (1990),Romance
587,Ghost (1990),Thriller
588,Aladdin (1992),Adventure
588,Aladdin (1992),Animation
588,Aladdin (1992),Children
588,Aladdin (1992),Comedy
588,Aladdin (1992),Musical
589,Terminator 2: Judgment Day (1991),Action
589,Terminator 2: Judgment Day (1991),Sci-Fi
590,Dances with Wolves (1990),Adventure
590,Dances with Wolves (1990),Drama
590,Dances with Wolves (1990),Western
592,Batman (1989),Action
592,Batman (1989),Crime
592,Batman (1989),Thriller
593,Silence of the Lambs The (1991),Crime
593,Silence of the Lambs The (1991),Horror
593,Silence of the Lambs The (1991),Thriller
594,Snow White and the Seven Dwarfs (1937),Animation
594,Snow White and the Seven Dwarfs (1937),Children
594,Snow White and the Seven Dwarfs (1937),Drama
594,Snow White and the Seven Dwarfs (1937),Fantasy
594,Snow White and the Seven Dwarfs (1937),Musical
595,Beauty and the Beast (1991),Animation
595,Beauty and the Beast (1991),Children
595,Beauty and the Beast (1991),Fantasy
595,Beauty and the Beast (1991),Musical
595,Beauty and the Beast (1991),Romance
595,Beauty and the Beast (1991),IMAX
596,Pinocchio (1940),Animation
596,Pinocchio (1940),Children
596,Pinocchio (1940),Fantasy
596,Pinocchio (1940),Musical
597,Pretty Woman (1990),Comedy
597,Pretty Woman (1990),Romance
599,Wild Bunch The (1969),Adventure
599,Wild Bunch The (1969),Western
600,Love and a .45 (1994),Action
600,Love and a .45 (1994),Comedy
600,Love and a .45 (1994),Crime
602,Great Day in Harlem A (1994),Documentary
605,One Fine Day (1996),Drama
605,One Fine Day (1996),Romance
606,Candyman: Farewell to the Flesh (1995),Fantasy
606,Candyman: Farewell to the Flesh (1995),Horror
608,Fargo (1996),Comedy
608,Fargo (1996),Crime
608,Fargo (1996),Drama
608,Fargo (1996),Thriller
609,Homeward Bound II: Lost in San Francisco (1996),Adventure
609,Homeward Bound II: Lost in San Francisco (1996),Children
610,Heavy Metal (1981),Action
610,Heavy Metal (1981),Adventure
610,Heavy Metal (1981),Animation
610,Heavy Metal (1981),Horror
610,Heavy Metal (1981),Sci-Fi
611,Hellraiser: Bloodline (1996),Action
611,Hellraiser: Bloodline (1996),Horror
611,Hellraiser: Bloodline (1996),Sci-Fi
612,Pallbearer The (1996),Comedy
613,Jane Eyre (1996),Drama
613,Jane Eyre (1996),Romance
615,Bread and Chocolate (Pane e cioccolata) (1973),Comedy
615,Bread and Chocolate (Pane e cioccolata) (1973),Drama
616,Aristocats The (1970),Animation
616,Aristocats The (1970),Children
617,Flower of My Secret The (La flor de mi secreto) (1995),Comedy
617,Flower of My Secret The (La flor de mi secreto) (1995),Drama
618,Two Much (1995),Comedy
618,Two Much (1995),Romance
619,Ed (1996),Comedy
626,Thin Line Between Love and Hate A (1996),Comedy
627,Last Supper The (1995),Drama
627,Last Supper The (1995),Thriller
628,Primal Fear (1996),Crime
628,Primal Fear (1996),Drama
628,Primal Fear (1996),Mystery
628,Primal Fear (1996),Thriller
631,All Dogs Go to Heaven 2 (1996),Adventure
631,All Dogs Go to Heaven 2 (1996),Animation
631,All Dogs Go to Heaven 2 (1996),Children
631,All Dogs Go to Heaven 2 (1996),Fantasy
631,All Dogs Go to Heaven 2 (1996),Musical
631,All Dogs Go to Heaven 2 (1996),Romance
632,Land and Freedom (Tierra y libertad) (1995),Drama
632,Land and Freedom (Tierra y libertad) (1995),War
633,Denise Calls Up (1995),Comedy
634,Theodore Rex (1995),Comedy
635,Family Thing A (1996),Comedy
635,Family Thing A (1996),Drama
636,Frisk (1995),Drama
637,Sgt. Bilko (1996),Comedy
638,Jack and Sarah (1995),Romance
639,Girl 6 (1996),Comedy
639,Girl 6 (1996),Drama
640,Diabolique (1996),Drama
640,Diabolique (1996),Thriller
645,Nelly & Monsieur Arnaud (1995),Drama
647,Courage Under Fire (1996),Action
647,Courage Under Fire (1996),Crime
647,Courage Under Fire (1996),Drama
647,Courage Under Fire (1996),War
648,Mission: Impossible (1996),Action
648,Mission: Impossible (1996),Adventure
648,Mission: Impossible (1996),Mystery
648,Mission: Impossible (1996),Thriller
649,Cold Fever (Á köldum klaka) (1995),Comedy
649,Cold Fever (Á köldum klaka) (1995),Drama
650,Moll Flanders (1996),Drama
653,Dragonheart (1996),Action
653,Dragonheart (1996),Adventure
653,Dragonheart (1996),Fantasy
656,Eddie (1996),Comedy
661,James and the Giant Peach (1996),Adventure
661,James and the Giant Peach (1996),Animation
661,James and the Giant Peach (1996),Children
661,James and the Giant Peach (1996),Fantasy
661,James and the Giant Peach (1996),Musical
662,Fear (1996),Thriller
663,Kids in the Hall: Brain Candy (1996),Comedy
665,Underground (1995),Comedy
665,Underground (1995),Drama
665,Underground (1995),War
667,Bloodsport 2 (a.k.a. Bloodsport II: The Next Kumite) (1996),Action
668,Song of the Little Road (Pather Panchali) (1955),Drama
670,World of Apu The (Apur Sansar) (1959),Drama
671,Mystery Science Theater 3000: The Movie (1996),Comedy
671,Mystery Science Theater 3000: The Movie (1996),Sci-Fi
673,Space Jam (1996),Adventure
673,Space Jam (1996),Animation
673,Space Jam (1996),Children
673,Space Jam (1996),Comedy
673,Space Jam (1996),Fantasy
673,Space Jam (1996),Sci-Fi
674,Barbarella (1968),Adventure
674,Barbarella (1968),Comedy
674,Barbarella (1968),Sci-Fi
678,Some Folks Call It a Sling Blade (1993),Drama
678,Some Folks Call It a Sling Blade (1993),Thriller
679,Run of the Country The (1995),Drama
680,Alphaville (Alphaville une étrange aventure de Lemmy Caution) (1965),Drama
680,Alphaville (Alphaville une étrange aventure de Lemmy Caution) (1965),Mystery
680,Alphaville (Alphaville une étrange aventure de Lemmy Caution) (1965),Romance
680,Alphaville (Alphaville une étrange aventure de Lemmy Caution) (1965),Sci-Fi
680,Alphaville (Alphaville une étrange aventure de Lemmy Caution) (1965),Thriller
685,It's My Party (1996),Drama
688,Operation Dumbo Drop (1995),Action
688,Operation Dumbo Drop (1995),Adventure
688,Operation Dumbo Drop (1995),Comedy
688,Operation Dumbo Drop (1995),War
691,Mrs. Winterbourne (1996),Comedy
691,Mrs. Winterbourne (1996),Romance
692,Solo (1996),Action
692,Solo (1996),Sci-Fi
692,Solo (1996),Thriller
694,Substitute The (1996),Action
694,Substitute The (1996),Crime
694,Substitute The (1996),Drama
695,True Crime (1996),Mystery
695,True Crime (1996),Thriller
697,Feeling Minnesota (1996),Drama
697,Feeling Minnesota (1996),Romance
698,Delta of Venus (1995),Drama
700,Angus (1995),Comedy
703,Boys (1996),Drama
704,Quest The (1996),Action
704,Quest The (1996),Adventure
706,Sunset Park (1996),Drama
707,Mulholland Falls (1996),Crime
707,Mulholland Falls (1996),Drama
707,Mulholland Falls (1996),Thriller
708,Truth About Cats & Dogs The (1996),Comedy
708,Truth About Cats & Dogs The (1996),Romance
709,Oliver & Company (1988),Adventure
709,Oliver & Company (1988),Animation
709,Oliver & Company (1988),Children
709,Oliver & Company (1988),Comedy
709,Oliver & Company (1988),Musical
710,Celtic Pride (1996),Comedy
711,Flipper (1996),Adventure
711,Flipper (1996),Children
714,Dead Man (1995),Drama
714,Dead Man (1995),Mystery
714,Dead Man (1995),Western
715,Horseman on the Roof The (Hussard sur le toit Le) (1995),Drama
715,Horseman on the Roof The (Hussard sur le toit Le) (1995),Romance
718,Visitors The (Visiteurs Les) (1993),Comedy
718,Visitors The (Visiteurs Les) (1993),Fantasy
718,Visitors The (Visiteurs Les) (1993),Sci-Fi
719,Multiplicity (1996),Comedy
720,Wallace & Gromit: The Best of Aardman Animation (1996),Adventure
720,Wallace & Gromit: The Best of Aardman Animation (1996),Animation
720,Wallace & Gromit: The Best of Aardman Animation (1996),Comedy
722,Haunted World of Edward D. Wood Jr. The (1996),Documentary
724,Craft The (1996),Drama
724,Craft The (1996),Fantasy
724,Craft The (1996),Horror
724,Craft The (1996),Thriller
725,Great White Hype The (1996),Comedy
726,Last Dance (1996),Drama
728,Cold Comfort Farm (1995),Comedy
731,Heaven's Prisoners (1996),Crime
731,Heaven's Prisoners (1996),Thriller
733,Rock The (1996),Action
733,Rock The (1996),Adventure
733,Rock The (1996),Thriller
735,Cemetery Man (Dellamorte Dellamore) (1994),Horror
736,Twister (1996),Action
736,Twister (1996),Adventure
736,Twister (1996),Romance
736,Twister (1996),Thriller
737,Barb Wire (1996),Action
737,Barb Wire (1996),Sci-Fi
741,Ghost in the Shell (Kôkaku kidôtai) (1995),Animation
741,Ghost in the Shell (Kôkaku kidôtai) (1995),Sci-Fi
742,Thinner (1996),Horror
742,Thinner (1996),Thriller
743,Spy Hard (1996),Comedy
745,Wallace & Gromit: A Close Shave (1995),Animation
745,Wallace & Gromit: A Close Shave (1995),Children
745,Wallace & Gromit: A Close Shave (1995),Comedy
747,Stupids The (1996),Comedy
748,Arrival The (1996),Action
748,Arrival The (1996),Sci-Fi
748,Arrival The (1996),Thriller
750,Dr. Strangelove or: How I Learned to Stop Worrying and Love the Bomb (1964),Comedy
750,Dr. Strangelove or: How I Learned to Stop Worrying and Love the Bomb (1964),War
757,Ashes of Time (Dung che sai duk) (1994),Drama
759,Maya Lin: A Strong Clear Vision (1994),Documentary
760,Stalingrad (1993),Drama
760,Stalingrad (1993),War
761,Phantom The (1996),Action
761,Phantom The (1996),Adventure
762,Striptease (1996),Comedy
762,Striptease (1996),Crime
764,Heavy (1995),Drama
764,Heavy (1995),Romance
765,Jack (1996),Comedy
765,Jack (1996),Drama
766,I Shot Andy Warhol (1996),Drama
773,Touki Bouki (1973),Drama
775,Spirits of the Dead (1968),Horror
775,Spirits of the Dead (1968),Mystery
778,Trainspotting (1996),Comedy
778,Trainspotting (1996),Crime
778,Trainspotting (1996),Drama
779,'Til There Was You (1997),Drama
779,'Til There Was You (1997),Romance
780,Independence Day (a.k.a. ID4) (1996),Action
780,Independence Day (a.k.a. ID4) (1996),Adventure
780,Independence Day (a.k.a. ID4) (1996),Sci-Fi
780,Independence Day (a.k.a. ID4) (1996),Thriller
781,Stealing Beauty (1996),Drama
782,Fan The (1996),Drama
782,Fan The (1996),Thriller
783,Hunchback of Notre Dame The (1996),Animation
783,Hunchback of Notre Dame The (1996),Children
783,Hunchback of Notre Dame The (1996),Drama
783,Hunchback of Notre Dame The (1996),Musical
783,Hunchback of Notre Dame The (1996),Romance
784,Cable Guy The (1996),Comedy
784,Cable Guy The (1996),Thriller
785,Kingpin (1996),Comedy
786,Eraser (1996),Action
786,Eraser (1996),Drama
786,Eraser (1996),Thriller
788,Nutty Professor The (1996),Comedy
788,Nutty Professor The (1996),Fantasy
788,Nutty Professor The (1996),Romance
788,Nutty Professor The (1996),Sci-Fi
790,Unforgettable Summer An (Un été inoubliable) (1994),Drama
791,Last Klezmer: Leopold Kozlowski His Life and Music The (1994),Documentary
795,Somebody to Love (1994),Drama
798,Daylight (1996),Action
798,Daylight (1996),Adventure
798,Daylight (1996),Drama
798,Daylight (1996),Thriller
799,Frighteners The (1996),Comedy
799,Frighteners The (1996),Horror
799,Frighteners The (1996),Thriller
800,Lone Star (1996),Drama
800,Lone Star (1996),Mystery
800,Lone Star (1996),Western
801,Harriet the Spy (1996),Children
801,Harriet the Spy (1996),Comedy
802,Phenomenon (1996),Drama
802,Phenomenon (1996),Romance
803,Walking and Talking (1996),Comedy
803,Walking and Talking (1996),Drama
803,Walking and Talking (1996),Romance
804,She's the One (1996),Comedy
804,She's the One (1996),Romance
805,Time to Kill A (1996),Drama
805,Time to Kill A (1996),Thriller
806,American Buffalo (1996),Crime
806,American Buffalo (1996),Drama
808,Alaska (1996),Adventure
808,Alaska (1996),Children
809,Fled (1996),Action
809,Fled (1996),Adventure
810,Kazaam (1996),Children
810,Kazaam (1996),Comedy
810,Kazaam (1996),Fantasy
813,Larger Than Life (1996),Comedy
818,Very Brady Sequel A (1996),Comedy
823,Collector The (La collectionneuse) (1967),Drama
824,Kaspar Hauser (1993),Drama
824,Kaspar Hauser (1993),Mystery
828,Adventures of Pinocchio The (1996),Adventure
828,Adventures of Pinocchio The (1996),Children
829,Joe's Apartment (1996),Comedy
829,Joe's Apartment (1996),Fantasy
829,Joe's Apartment (1996),Musical
830,First Wives Club The (1996),Comedy
832,Ransom (1996),Crime
832,Ransom (1996),Thriller
833,High School High (1996),Comedy
835,Foxfire (1996),Drama
836,Chain Reaction (1996),Action
836,Chain Reaction (1996),Adventure
836,Chain Reaction (1996),Thriller
837,Matilda (1996),Children
837,Matilda (1996),Comedy
837,Matilda (1996),Fantasy
838,Emma (1996),Comedy
838,Emma (1996),Drama
838,Emma (1996),Romance
839,Crow: City of Angels The (1996),Action
839,Crow: City of Angels The (1996),Thriller
840,House Arrest (1996),Children
840,House Arrest (1996),Comedy
841,Eyes Without a Face (Yeux sans visage Les) (1959),Horror
842,Tales from the Crypt Presents: Bordello of Blood (1996),Comedy
842,Tales from the Crypt Presents: Bordello of Blood (1996),Horror
848,Spitfire Grill The (1996),Drama
849,Escape from L.A. (1996),Action
849,Escape from L.A. (1996),Adventure
849,Escape from L.A. (1996),Sci-Fi
849,Escape from L.A. (1996),Thriller
851,Basquiat (1996),Drama
852,Tin Cup (1996),Comedy
852,Tin Cup (1996),Drama
852,Tin Cup (1996),Romance
858,Godfather The (1972),Crime
858,Godfather The (1972),Drama
861,Supercop (Police Story 3: Supercop) (Jing cha gu shi III: Chao ji jing cha) (1992),Action
861,Supercop (Police Story 3: Supercop) (Jing cha gu shi III: Chao ji jing cha) (1992),Comedy
861,Supercop (Police Story 3: Supercop) (Jing cha gu shi III: Chao ji jing cha) (1992),Crime
861,Supercop (Police Story 3: Supercop) (Jing cha gu shi III: Chao ji jing cha) (1992),Thriller
866,Bound (1996),Crime
866,Bound (1996),Drama
866,Bound (1996),Romance
866,Bound (1996),Thriller
867,Carpool (1996),Comedy
867,Carpool (1996),Crime
869,Kansas City (1996),Crime
869,Kansas City (1996),Drama
869,Kansas City (1996),Musical
869,Kansas City (1996),Thriller
870,Gone Fishin' (1997),Comedy
875,Nothing to Lose (1994),Action
875,Nothing to Lose (1994),Crime
875,Nothing to Lose (1994),Drama
876,Supercop 2 (Project S) (Chao ji ji hua) (1993),Action
876,Supercop 2 (Project S) (Chao ji ji hua) (1993),Comedy
876,Supercop 2 (Project S) (Chao ji ji hua) (1993),Crime
876,Supercop 2 (Project S) (Chao ji ji hua) (1993),Thriller
879,Relic The (1997),Horror
879,Relic The (1997),Thriller
880,Island of Dr. Moreau The (1996),Sci-Fi
880,Island of Dr. Moreau The (1996),Thriller
881,First Kid (1996),Children
881,First Kid (1996),Comedy
882,Trigger Effect The (1996),Drama
882,Trigger Effect The (1996),Thriller
885,Bogus (1996),Children
885,Bogus (1996),Drama
885,Bogus (1996),Fantasy
886,Bulletproof (1996),Action
886,Bulletproof (1996),Comedy
886,Bulletproof (1996),Crime
888,Land Before Time III: The Time of the Great Giving (1995),Adventure
888,Land Before Time III: The Time of the Great Giving (1995),Animation
888,Land Before Time III: The Time of the Great Giving (1995),Children
888,Land Before Time III: The Time of the Great Giving (1995),Musical
889,1-900 (06) (1994),Drama
889,1-900 (06) (1994),Romance
891,Halloween: The Curse of Michael Myers (Halloween 6: The Curse of Michael Myers) (1995),Horror
891,Halloween: The Curse of Michael Myers (Halloween 6: The Curse of Michael Myers) (1995),Thriller
892,Twelfth Night (1996),Comedy
892,Twelfth Night (1996),Drama
892,Twelfth Night (1996),Romance
893,Mother Night (1996),Drama
896,Wild Reeds (Les roseaux sauvages) (1994),Drama
897,For Whom the Bell Tolls (1943),Adventure
897,For Whom the Bell Tolls (1943),Drama
897,For Whom the Bell Tolls (1943),Romance
897,For Whom the Bell Tolls (1943),War
898,Philadelphia Story The (1940),Comedy
898,Philadelphia Story The (1940),Drama
898,Philadelphia Story The (1940),Romance
899,Singin' in the Rain (1952),Comedy
899,Singin' in the Rain (1952),Musical
899,Singin' in the Rain (1952),Romance
900,American in Paris An (1951),Musical
900,American in Paris An (1951),Romance
901,Funny Face (1957),Comedy
901,Funny Face (1957),Musical
902,Breakfast at Tiffany's (1961),Drama
902,Breakfast at Tiffany's (1961),Romance
903,Vertigo (1958),Drama
903,Vertigo (1958),Mystery
903,Vertigo (1958),Romance
903,Vertigo (1958),Thriller
904,Rear Window (1954),Mystery
904,Rear Window (1954),Thriller
905,It Happened One Night (1934),Comedy
905,It Happened One Night (1934),Romance
906,Gaslight (1944),Drama
906,Gaslight (1944),Thriller
907,Gay Divorcee The (1934),Comedy
907,Gay Divorcee The (1934),Musical
907,Gay Divorcee The (1934),Romance
908,North by Northwest (1959),Action
908,North by Northwest (1959),Adventure
908,North by Northwest (1959),Mystery
908,North by Northwest (1959),Romance
908,North by Northwest (1959),Thriller
909,Apartment The (1960),Comedy
909,Apartment The (1960),Drama
909,Apartment The (1960),Romance
910,Some Like It Hot (1959),Comedy
910,Some Like It Hot (1959),Crime
911,Charade (1963),Comedy
911,Charade (1963),Crime
911,Charade (1963),Mystery
911,Charade (1963),Romance
911,Charade (1963),Thriller
912,Casablanca (1942),Drama
912,Casablanca (1942),Romance
913,Maltese Falcon The (1941),Film-Noir
913,Maltese Falcon The (1941),Mystery
914,My Fair Lady (1964),Comedy
914,My Fair Lady (1964),Drama
914,My Fair Lady (1964),Musical
914,My Fair Lady (1964),Romance
915,Sabrina (1954),Comedy
915,Sabrina (1954),Romance
916,Roman Holiday (1953),Comedy
916,Roman Holiday (1953),Drama
916,Roman Holiday (1953),Romance
917,Little Princess The (1939),Children
917,Little Princess The (1939),Drama
918,Meet Me in St. Louis (1944),Musical
919,Wizard of Oz The (1939),Adventure
919,Wizard of Oz The (1939),Children
919,Wizard of Oz The (1939),Fantasy
919,Wizard of Oz The (1939),Musical
920,Gone with the Wind (1939),Drama
920,Gone with the Wind (1939),Romance
920,Gone with the Wind (1939),War
921,My Favorite Year (1982),Comedy
922,Sunset Blvd. (a.k.a. Sunset Boulevard) (1950),Drama
922,Sunset Blvd. (a.k.a. Sunset Boulevard) (1950),Film-Noir
922,Sunset Blvd. (a.k.a. Sunset Boulevard) (1950),Romance
923,Citizen Kane (1941),Drama
923,Citizen Kane (1941),Mystery
924,2001: A Space Odyssey (1968),Adventure
924,2001: A Space Odyssey (1968),Drama
924,2001: A Space Odyssey (1968),Sci-Fi
926,All About Eve (1950),Drama
927,Women The (1939),Comedy
928,Rebecca (1940),Drama
928,Rebecca (1940),Mystery
928,Rebecca (1940),Romance
928,Rebecca (1940),Thriller
929,Foreign Correspondent (1940),Drama
929,Foreign Correspondent (1940),Film-Noir
929,Foreign Correspondent (1940),Mystery
929,Foreign Correspondent (1940),Thriller
930,Notorious (1946),Film-Noir
930,Notorious (1946),Romance
930,Notorious (1946),Thriller
931,Spellbound (1945),Mystery
931,Spellbound (1945),Romance
931,Spellbound (1945),Thriller
932,Affair to Remember An (1957),Drama
932,Affair to Remember An (1957),Romance
933,To Catch a Thief (1955),Crime
933,To Catch a Thief (1955),Mystery
933,To Catch a Thief (1955),Romance
933,To Catch a Thief (1955),Thriller
934,Father of the Bride (1950),Comedy
935,Band Wagon The (1953),Comedy
935,Band Wagon The (1953),Musical
936,Ninotchka (1939),Comedy
936,Ninotchka (1939),Romance
937,Love in the Afternoon (1957),Comedy
937,Love in the Afternoon (1957),Romance
938,Gigi (1958),Musical
940,Adventures of Robin Hood The (1938),Action
940,Adventures of Robin Hood The (1938),Adventure
940,Adventures of Robin Hood The (1938),Romance
941,Mark of Zorro The (1940),Adventure
942,Laura (1944),Crime
942,Laura (1944),Film-Noir
942,Laura (1944),Mystery
943,Ghost and Mrs. Muir The (1947),Drama
943,Ghost and Mrs. Muir The (1947),Fantasy
943,Ghost and Mrs. Muir The (1947),Romance
944,Lost Horizon (1937),Drama
945,Top Hat (1935),Comedy
945,Top Hat (1935),Musical
945,Top Hat (1935),Romance
946,To Be or Not to Be (1942),Comedy
946,To Be or Not to Be (1942),Drama
946,To Be or Not to Be (1942),War
947,My Man Godfrey (1936),Comedy
947,My Man Godfrey (1936),Romance
948,Giant (1956),Drama
948,Giant (1956),Romance
948,Giant (1956),Western
949,East of Eden (1955),Drama
950,Thin Man The (1934),Comedy
950,Thin Man The (1934),Crime
951,His Girl Friday (1940),Comedy
951,His Girl Friday (1940),Romance
952,Around the World in 80 Days (1956),Adventure
952,Around the World in 80 Days (1956),Comedy
953,It's a Wonderful Life (1946),Children
953,It's a Wonderful Life (1946),Drama
953,It's a Wonderful Life (1946),Fantasy
953,It's a Wonderful Life (1946),Romance
954,Mr. Smith Goes to Washington (1939),Drama
955,Bringing Up Baby (1938),Comedy
955,Bringing Up Baby (1938),Romance
956,Penny Serenade (1941),Drama
956,Penny Serenade (1941),Romance
959,Of Human Bondage (1934),Drama
961,Little Lord Fauntleroy (1936),Drama
963,Inspector General The (1949),Musical
965,39 Steps The (1935),Drama
965,39 Steps The (1935),Mystery
965,39 Steps The (1935),Thriller
968,Night of the Living Dead (1968),Horror
968,Night of the Living Dead (1968),Sci-Fi
968,Night of the Living Dead (1968),Thriller
969,African Queen The (1951),Adventure
969,African Queen The (1951),Comedy
969,African Queen The (1951),Romance
969,African Queen The (1951),War
970,Beat the Devil (1953),Adventure
970,Beat the Devil (1953),Comedy
970,Beat the Devil (1953),Crime
970,Beat the Devil (1953),Drama
970,Beat the Devil (1953),Romance
971,Cat on a Hot Tin Roof (1958),Drama
973,Meet John Doe (1941),Comedy
973,Meet John Doe (1941),Drama
976,Farewell to Arms A (1932),Romance
976,Farewell to Arms A (1932),War
979,Nothing Personal (1995),Drama
979,Nothing Personal (1995),War
981,Dangerous Ground (1997),Drama
982,Picnic (1955),Drama
984,Pompatus of Love The (1996),Comedy
984,Pompatus of Love The (1996),Drama
986,Fly Away Home (1996),Adventure
986,Fly Away Home (1996),Children
987,Bliss (1997),Drama
987,Bliss (1997),Romance
988,Grace of My Heart (1996),Comedy
988,Grace of My Heart (1996),Drama
990,Maximum Risk (1996),Action
990,Maximum Risk (1996),Adventure
990,Maximum Risk (1996),Thriller
991,Michael Collins (1996),Drama
993,Infinity (1996),Drama
994,Big Night (1996),Comedy
994,Big Night (1996),Drama
996,Last Man Standing (1996),Action
996,Last Man Standing (1996),Crime
996,Last Man Standing (1996),Drama
996,Last Man Standing (1996),Thriller
998,Set It Off (1996),Action
998,Set It Off (1996),Crime
999,2 Days in the Valley (1996),Crime
999,2 Days in the Valley (1996),Film-Noir
